"dataset","id","trt","y","x1","x2","x3","x4","x5","x6","x7","x8","x9","x10","x11","x12","x13","x14","x15","x16","x17","x18","x19","x20","x21","x22","x23","x24","x25","x26","x27","x28","x29","x30","x31","x32","x33","x34","x35","x36","x37","x38","x39","x40"
1,1,0,9.609,1,1,1,1,0,0,1,0,0,1,1,1,0,0,0,1,1,1,1,1,59,39.78,8.72,46.25,18.69,35.12,70.54,20.03,30.52,10.98,16.8,35.85,12.04,44,84.88,82.68,77,21.69,58.6,25.22
1,2,0,6.131,1,0,0,0,0,1,0,1,0,0,1,1,0,0,1,1,2,2,0,0,30.08,94.69,2.31,37.07,10.1,87.46,92.28,77.39,9.59,15.85,17.43,20.79,83.56,9.21,27.38,43.24,60.36,15.62,23.9,54.44
1,3,0,7.241,1,1,0,1,0,0,1,0,0,0,2,2,1,1,1,1,1,1,1,1,26.92,31.61,52.09,68.59,3.97,40.21,9.19,2.42,54.94,95.69,6.03,84.53,72.71,53.55,49.47,53.62,21.76,65.01,48.91,25.02
1,4,0,7.252,0,0,2,2,1,1,1,1,1,1,0,0,1,0,1,1,0,0,0,0,69.5,16.01,48.71,21.16,73.29,77.32,43.64,57.34,8.76,32.99,55.24,62.89,7.6,84.58,8.47,60.5,7.14,2.78,88.74,44.59
1,5,1,7.143,0,0,0,0,0,0,0,0,1,0,2,1,2,1,1,1,1,1,1,0,52.35,34.69,86.86,68.82,63.72,98.84,95.49,49.71,61.71,29.84,27.19,16.58,85.73,32.17,31.29,1.89,52.99,44.07,28.38,64.34
1,6,1,8.63,0,0,1,1,1,1,1,1,2,2,1,1,1,1,1,1,1,0,0,0,39.98,80.4,80.4,58.79,75.18,49.79,17.7,40.76,40.35,1.36,46.03,90.92,78.69,11.8,16.94,19.23,63.49,66.94,52.71,78.11
1,7,1,7.032,1,1,0,0,0,0,0,1,1,1,2,2,1,1,0,0,1,1,0,1,50.11,35.48,8.74,63.83,76.86,42.92,1.67,60.63,73.41,9.27,19.11,0.93,26.69,75.65,64.24,54.31,95.65,36.22,34.47,64.16
1,8,1,6.703,1,1,1,1,1,0,1,1,1,0,0,0,1,0,0,0,0,0,1,1,8.43,60.88,28.69,57.51,63.71,11.51,69.68,49.45,67.38,5.27,63.37,23.32,70.41,66.21,56.42,84.61,44.85,32.19,71.14,55.2
1,9,0,10.155,2,2,0,0,0,0,1,1,2,2,0,1,2,2,0,0,0,0,2,1,44.69,82.04,79.4,71.63,60.97,85.26,41.34,84.49,52.02,48.21,4.08,66.91,78.24,7.32,54.42,28.98,92.77,61.17,95.9,31.01
1,10,0,6.972,0,1,1,1,1,1,1,0,1,2,0,0,0,0,1,1,1,1,0,0,19.01,50.79,54.32,38.05,93.13,81.12,86.38,80.79,22.31,8.77,9,31.25,66.74,31.18,92.43,2.47,17.52,44.16,37.87,53.11
1,11,1,7.044,1,0,1,1,1,1,0,0,2,1,0,0,1,1,0,1,0,2,0,0,55,50.05,99.03,36.47,15.91,10.32,91.68,82.5,15.2,74.86,45.72,81.72,65.37,37.18,94.77,47.89,41.56,84.5,43.56,46.01
1,12,1,8.233,0,0,1,1,2,2,1,2,0,0,1,1,1,1,0,0,1,1,0,0,57.63,33.18,74.43,31.17,13.44,27.53,44.19,13.1,42.32,84.33,32.15,60.29,66.84,48.15,38.64,76.31,40.41,32.79,71.55,97.55
1,13,0,9.268,1,1,1,1,0,0,0,0,0,0,1,1,1,1,1,0,2,2,2,1,20.87,84.53,5.81,18.32,30,84.93,50.68,57.34,61.26,82.9,92.19,55.57,59.28,52.52,66.99,35.19,41.88,67.95,69.32,34.79
1,14,1,5.588,1,2,0,1,1,1,0,0,0,0,1,1,0,0,0,0,2,2,1,1,51.29,65.88,96.42,26.67,9.42,59.75,69.74,55.83,24.14,88.48,78.54,43.96,38.1,78.28,93.4,96.08,57.43,64.7,56.79,3.82
1,15,1,8.533,0,0,1,1,1,1,1,1,0,0,2,2,2,2,1,1,0,0,0,0,34.43,42.33,78.8,49.02,5.42,97.46,53.72,85.54,22.07,64.82,90.92,40.13,61.19,80.3,74.91,89.05,76.21,70.32,47.87,71.02
1,16,1,7.039,0,0,1,1,0,0,2,2,0,0,1,0,1,1,1,1,1,1,0,0,27.85,1.59,77.1,80.88,49.18,4.77,99.47,63.73,16.01,8.73,47.23,90.8,35.46,21.46,57.61,8.62,12.77,14.89,91.01,77.89
1,17,1,9.345,0,0,1,1,0,0,0,0,0,0,0,0,0,1,0,0,0,0,0,0,96.75,97.74,33.93,89.54,91.91,10.96,56.67,17.23,76.33,44.64,68.73,43.1,65.06,69.85,77.56,75.01,47.52,4.53,67.55,7.71
1,18,1,7.093,0,0,1,1,0,0,0,0,1,1,1,1,0,0,1,1,1,1,1,1,6.92,79.94,7.95,57.49,84.57,72.94,19.4,52.07,85.67,8.69,32.55,75.06,2.39,92.56,75.8,49.56,19.01,53.62,60.13,87.01
1,19,1,6.807,1,1,0,0,1,1,1,1,2,1,2,1,1,1,2,2,0,0,0,0,9.64,28.47,86.55,71.61,27.09,82.35,63.74,39.76,8.5,50.02,27.61,1.18,77.32,44.51,40.57,65.92,63.49,72.3,77.98,77.36
1,20,1,7.728,1,1,1,0,0,1,2,2,0,0,0,0,0,1,2,2,0,0,1,1,7.62,79.08,57.36,89.28,47.29,76.92,4.12,64.74,96.98,9.16,9.43,84.61,94.71,66.13,7.89,69.92,19.72,88.47,72.37,46.95
1,21,1,8.625,0,0,1,1,0,0,0,0,0,1,1,1,0,1,0,0,0,0,2,2,20.04,86.89,36.19,75.43,4.09,1.01,22.4,51.08,70.06,29.76,46.29,40.37,14.48,9.83,0.33,73.13,96.99,7.75,52.8,50.13
1,22,0,6.844,1,1,1,1,0,0,1,1,1,1,0,0,1,1,1,1,1,1,1,0,36.76,8.88,84.01,74.21,2.44,82.96,35.03,15.03,79.28,82.22,15.86,76.18,69.53,40.38,4.75,26.09,45.21,79.45,8.71,40.92
1,23,1,4.918,0,0,0,1,1,1,0,0,1,1,1,0,1,1,1,1,1,0,1,1,83.63,64.18,87.7,16.2,24.71,80.61,29.62,66.11,5.79,43.27,45.87,32.1,96.4,41.07,4.85,80.99,67.98,65.65,43.59,97.67
1,24,0,7.141,1,0,1,1,1,2,1,1,2,2,1,0,1,1,0,2,0,0,0,0,3.17,85.96,87.9,36.78,13.15,46.97,16.03,47.94,56.05,9.54,98.71,52.58,36.7,56.24,29.57,65.56,8.71,68.44,15.39,51.81
1,25,0,6.909,0,0,0,0,1,0,0,0,1,1,0,1,1,1,1,1,0,0,0,0,71.13,5.67,35.39,12,17.62,97.99,82.05,52.06,2.58,11.49,37.86,51.29,92.51,37.62,94.25,12.02,24.18,22.85,50.58,60.62
1,26,1,8.667,1,0,1,1,1,1,1,1,1,1,0,0,0,1,1,1,0,0,2,2,64.02,82.18,16.3,97.76,20.86,82.38,6.52,82.7,65.56,81.78,7.11,81.21,27.1,91.33,66.56,76.16,64.38,9.79,18.56,78.37
1,27,1,7.017,1,1,0,0,1,1,0,0,1,1,0,0,1,0,0,0,0,0,1,0,38.7,52.2,33.91,77.58,96.01,93.78,18.92,68.94,80.34,74.13,34.62,7.7,35.33,10.43,14.53,89.22,80.84,36.62,35.29,63.07
1,28,1,5.329,2,2,1,1,0,0,2,1,2,2,0,0,0,1,0,0,1,1,1,1,63.57,77.61,1.76,23.1,36.05,96.09,73.46,62.1,42.76,57.59,62.2,55.46,20.36,41.16,8.18,99.13,71.73,50.08,62.03,33.53
1,29,1,8.079,1,1,0,0,0,0,1,1,1,0,0,0,1,1,1,1,0,0,1,1,28.11,85.55,79.83,52.56,62.69,12.49,99.14,83.32,2.11,31.46,88.92,46.61,52.34,84.91,56.1,30.7,15.21,66.91,19.24,65.34
1,30,0,6.903,0,0,0,1,1,1,1,0,0,0,0,0,0,0,0,0,1,1,1,1,83.28,27.69,61.29,15.48,13.26,94.18,59.52,95.62,7.36,12.13,12.38,8.52,38.28,83.12,76.9,12.14,7.13,28.12,46.79,57.03
1,31,1,8.222,0,0,2,1,0,0,2,2,0,0,0,0,2,1,0,0,0,0,1,0,3.47,24.86,12.09,60.7,54.88,78.49,54.05,87.06,48.59,59.83,58.05,65.41,97.13,93.16,1.26,95.21,0.63,76.47,24.56,16.4
1,32,1,6.539,0,0,0,0,0,0,1,2,1,0,0,0,0,0,0,0,0,0,0,0,28.53,83.23,67.45,37.74,43.05,47.76,74.25,21.96,12.99,41.74,77.14,32.31,51.49,13.79,54.54,46.38,1.43,85.44,98.73,0.42
1,33,1,6.04,1,1,0,1,1,1,1,0,1,0,0,0,1,1,1,1,1,1,0,0,23.48,61.8,68.99,63.34,9.4,79.09,3.92,47.72,44.22,55.26,54.78,79.88,69.08,92.08,94.2,44.53,61.48,99.2,81.26,84.3
1,34,1,5.024,0,0,1,1,1,1,0,0,0,0,1,1,1,1,0,0,0,0,0,0,1.9,84.17,44.08,54.27,20.67,4.19,17.15,68.87,90.45,15.04,43.15,69.58,69.41,65.18,53.98,2.49,85.29,2.49,71.14,92.81
1,35,1,5.762,1,1,0,0,1,1,1,1,0,0,1,1,0,1,0,0,0,0,0,0,64.76,42.9,46.48,1.4,76.13,37.45,6.86,77.67,78.41,97.89,71.01,38.77,63.23,54.42,59.34,53.92,86.1,28.57,34.73,79.08
1,36,1,7.534,0,0,2,2,0,0,1,1,1,1,0,0,0,0,1,0,1,1,2,2,99.75,60.95,90.91,7.54,42.47,94.81,16.74,18.25,18.59,1.88,31.43,49.16,69.4,11.86,20.17,42.87,1.08,60.39,80.09,6.74
1,37,1,6.25,0,1,1,1,0,0,1,1,1,1,1,2,2,1,1,0,0,0,1,0,68,14.71,91.04,44.71,12.56,24.31,95.46,12.12,85.84,9.97,52.71,66.91,88.81,37.07,1.83,31.27,68.91,27.14,65.81,68.31
1,38,1,4.528,0,0,0,0,2,2,2,2,1,1,0,1,1,2,1,1,0,0,1,1,80.09,99.88,99.34,8.51,91.52,42.91,70.81,70.94,23.55,25.8,6.82,70.65,29.74,76.21,64.12,31.14,97.68,96.62,18.85,48.6
1,39,1,4.698,1,1,0,0,1,1,1,1,1,1,1,1,0,0,0,0,1,1,1,1,40.56,18.12,28.34,64.88,22.14,59.7,77.61,42.41,46.61,38.35,55.36,13.44,57.48,10.96,40.36,14.42,79.34,14.5,2.41,32.77
1,40,1,6.538,1,1,1,1,0,0,1,1,1,1,1,0,0,0,0,0,0,0,0,0,62.45,30.77,30.66,72.33,13.85,13.82,38.01,12.79,76.27,1.98,98.56,35.15,48.2,1.03,24.11,18.08,56.32,96.18,33.66,5
1,41,1,8.358,1,1,0,0,1,1,1,1,1,0,0,0,1,1,0,0,1,1,0,0,32.26,83.23,63.88,61,25.28,25.37,43.95,87.74,56.81,15.53,83,34.36,95.72,46.51,73.67,90.66,85.9,16.85,10.07,77.87
1,42,0,5.724,0,1,0,0,2,2,0,0,0,0,0,0,0,0,1,1,1,1,0,1,64.51,22.15,59.1,40.58,60.62,55.87,95.78,87.82,79.82,91.5,18.22,33.94,86.47,48.09,58.15,74.56,31.59,20.45,54.75,28.98
1,43,0,7.45,2,1,0,0,0,1,2,2,1,0,0,0,0,0,0,0,0,0,1,0,51.38,65.7,52.21,12.27,12.43,89.06,23.08,8.3,56.5,82.61,70.14,97.65,68.33,10.04,6.39,23.17,1.25,61.89,77.79,58.35
1,44,0,9.333,0,0,0,0,1,2,1,1,0,1,1,1,0,0,1,1,0,1,2,1,58.18,83.47,53.68,50.33,64.15,32.1,50.11,38.48,18.94,40.69,80.13,73.96,42.11,79.61,44.65,8.42,7.7,80.99,84.3,24.98
1,45,1,6.477,1,1,0,0,1,1,1,2,1,2,1,1,2,2,0,1,1,1,0,0,37.43,48.95,18.38,52.51,84.66,32.79,7.9,26.59,2.45,37.33,21.28,25.73,24.13,53.25,1.84,65.66,97.27,59.66,43.1,94.79
1,46,0,7.074,1,1,1,0,2,2,1,1,1,1,0,2,1,1,1,0,0,0,1,2,95.88,40.84,45.98,43.89,20.57,42.14,49.95,61.32,30.87,8.84,46.97,96.72,82.93,29.46,68.59,56.04,47.29,64.07,69.48,41.43
1,47,1,8.95,1,1,1,1,1,0,1,2,1,1,1,1,0,0,1,1,1,0,1,1,4.08,92.05,34.85,34.7,13.07,55.37,71,85.07,43.19,24.46,94.14,71.58,44.85,8.39,89.96,41.8,34.88,96.78,22.56,9.73
1,48,1,5.307,1,2,1,1,1,2,0,1,1,0,1,1,1,0,0,0,0,0,0,0,40.19,83.08,37.06,63.56,51.96,44.6,84.62,84.33,78.76,35.03,93.86,93.68,70.98,9.89,79.1,40.55,58.17,31.99,62.27,17.57
1,49,1,8.487,0,0,1,1,2,1,0,0,0,0,0,1,1,0,0,0,0,0,0,0,0.22,15.85,10.22,54.66,17.68,56.1,50.34,3.15,84.79,76.73,38.78,10.81,1.16,50.47,91.75,54.48,30.65,57.22,45.11,60.55
1,50,0,7.109,0,0,0,1,1,1,0,0,0,0,0,0,1,1,0,0,1,1,0,0,92.33,32.51,26.96,17.99,96.49,0.78,53.23,92.32,28.67,90.21,48.26,15,36.59,22.9,26.41,48.57,47.12,35.12,47.96,32.03
1,51,1,5.878,2,2,2,1,1,2,2,2,2,2,1,0,0,1,2,2,1,0,0,0,67.16,97.8,27.97,35.21,97.47,29.27,99.49,82.95,21.12,91.65,16.71,13.03,2.5,42.83,79.3,1.26,47.27,72.45,73.37,90.19
1,52,1,8.512,1,1,2,2,0,0,1,0,0,0,1,1,0,1,1,2,0,0,0,0,95.92,98.83,40.12,8.43,64.73,22.47,19.57,50.68,62.26,59.8,62.13,41.87,48.27,1.36,10.08,56.53,65.17,2.95,15.66,61.92
1,53,0,8.353,2,1,0,0,1,1,0,0,0,0,2,1,1,1,0,0,1,1,0,0,1.99,40.63,73.53,47.19,91.49,9.93,59.92,39.45,89.97,8.43,67.7,26.27,9.27,48.15,39.6,74.01,35.85,27.92,30.14,67.37
1,54,1,5.292,1,1,1,1,2,2,1,1,0,0,0,1,1,0,0,0,2,2,2,2,7.26,84.36,94.2,94.04,64.34,49.6,17.65,54.62,30.4,5.25,85.93,88.34,55.5,49.13,37.48,19.39,12.08,15.63,76.95,65.34
1,55,0,6.694,1,1,2,2,1,1,1,1,1,1,1,0,0,0,0,1,0,0,1,1,92.24,97.01,67.25,74.88,25.65,53.3,95.05,16.53,78.9,55.9,39.54,38.9,70.13,8.79,33.03,57.5,38.08,89.06,2.35,5.16
1,56,1,7.42,1,1,0,0,0,0,0,1,0,0,1,1,1,1,0,0,0,0,1,1,80.99,5.75,94.34,12.51,29.95,33.05,12.82,6.36,22.17,60.98,79.96,13.59,3.63,34.14,42.48,11.9,39.03,51.83,64.73,27.88
1,57,0,6.376,1,1,2,1,1,1,1,1,1,1,1,1,0,1,1,1,2,2,0,1,17.06,1.08,24.73,90.43,21.74,10.82,64.16,99.12,87.32,14.67,51.81,93.37,31.98,17.31,89.59,74.23,63.99,31.48,44.52,34.58
1,58,1,6.479,2,2,0,0,0,0,0,0,2,1,0,1,1,1,0,0,0,0,0,0,49.72,88.47,61.03,2.85,81.1,5.98,34.49,88.11,22.49,36.54,0.55,67.69,25.98,14.2,73.56,54.25,5.34,11.31,71.42,92.57
1,59,0,7.354,1,1,1,0,0,0,0,0,0,0,0,0,0,0,0,0,0,1,0,0,12.89,17.93,82.77,87.42,71.01,96.32,99.41,67.7,79.07,50.38,97.56,27.65,95.89,63.15,57.14,16.92,21.65,77.31,7.02,56.98
1,60,1,6.939,0,0,0,0,0,1,1,1,0,1,1,1,1,1,1,1,1,1,0,0,56,42.07,36.56,35.12,81.41,65,32.48,3.14,79.01,8.27,94.98,67.04,75.41,46.34,41.25,49.23,96.06,35.86,61.36,63.15
1,61,0,4.468,0,0,0,0,1,1,2,1,1,0,0,0,1,2,1,1,0,0,1,0,16.23,49.86,41.31,71.18,42.23,98.51,79.1,96.02,38.07,10.2,5.46,23.54,33.54,4.72,69.83,68.96,41.97,19.01,33.97,9.39
1,62,1,7.296,2,1,0,0,0,0,1,1,2,2,1,1,0,0,0,0,1,1,1,1,84.64,44.8,57.62,1.65,30.98,15.36,47.76,67.26,92.61,66.61,32.26,1.86,2.38,71.27,38.88,55.73,92.84,39.48,63.42,36.59
1,63,1,7.713,0,0,2,1,0,0,0,0,1,1,0,0,0,0,0,0,0,0,0,0,17.37,61.57,75,88.04,98.68,84.45,13.68,21.86,72,86,24.56,48.07,17.89,18.81,28.28,51.38,95.34,12.2,27.27,43.05
1,64,0,7.762,1,1,0,1,1,1,1,2,0,0,0,0,2,1,0,0,1,1,1,1,74.72,72.78,63.73,28.83,37.18,1.28,5.16,74.31,27.19,66.98,60.55,13.24,73.75,59.89,62.2,18.57,65.42,83.56,57.54,45.48
1,65,1,7.193,0,0,0,0,1,1,1,1,1,1,1,1,2,2,1,1,0,0,1,1,31.2,72.81,19.33,10.38,50.13,90.2,34.25,39.79,45.1,55.32,61.71,73.65,90.66,88.69,56.87,1.52,27.86,53.01,84.2,12.82
1,66,0,4.235,0,0,1,1,1,1,1,1,0,0,1,1,2,2,1,1,0,0,1,1,81.53,32.77,3.48,5.63,79.64,82.69,93.85,17.21,37.57,83.26,47.98,58.83,88.76,41.32,21.31,86.89,46,11.24,41.98,1.21
1,67,1,4.701,1,2,1,0,1,0,1,1,0,0,0,0,0,1,2,1,0,0,0,0,25.82,77.62,49.61,0.21,92.76,74.49,64.94,93.78,46.02,82.66,73.47,46.42,19.29,8.71,39.91,37.63,27.34,1.27,40.5,43.46
1,68,1,7.227,0,0,1,1,0,0,0,0,1,1,0,0,0,0,0,1,0,0,1,0,47.08,22.12,76.3,37.34,58.76,30.09,50.64,2.11,18.06,89.03,60.59,50.9,70.27,3.57,94.97,92.31,2.08,2.43,19.99,9.35
1,69,1,8.024,2,1,1,1,1,1,0,0,2,1,1,1,0,0,0,0,0,0,1,1,79.42,50.03,36.33,57.49,56.49,24.71,70.16,35.99,42.77,60.69,75.44,37.69,18.97,43.48,95.62,1.65,82.93,0.88,37.72,46.31
1,70,0,7.703,1,1,1,0,0,0,1,1,1,0,0,0,1,0,1,1,1,1,2,1,58.05,11.9,39.38,92.4,33.99,28.66,23.39,90.25,65.72,61.22,95.03,6.18,49.44,91.1,25.77,31.74,29.47,22.07,98.48,61.55
1,71,1,6.689,2,2,0,0,1,1,1,0,0,0,2,1,1,1,0,0,1,0,2,0,5.46,80.01,49.63,25.86,37.93,15.47,47.54,84.68,34.96,54.48,66.28,24.5,45.95,28.87,24.13,35.69,38.47,13.14,84.7,16.72
1,72,1,7.773,2,2,1,1,0,0,1,1,0,0,1,0,0,0,1,1,0,0,1,1,44.82,30.74,76.11,60.37,48.14,23.56,65.3,40.58,65.61,78.96,33.07,18.66,64.16,66.15,68.14,31.52,98.17,8.55,51.5,17.63
1,73,1,6.398,1,0,1,1,0,0,1,2,0,0,1,1,0,0,1,1,0,0,0,0,28.13,1.94,46.88,12.32,3.45,87.84,49.49,77.94,30.11,81.25,16.37,82.47,85.3,20.97,33.28,71.79,74.42,6.63,63.56,21.32
1,74,0,7.751,1,1,0,0,1,1,0,0,1,1,0,0,0,0,0,1,1,1,2,2,11.38,19.41,12.17,15.43,74.52,67.3,77.05,80.78,51.43,29.52,22.13,2.88,32.22,94.35,14.5,3.34,0.69,34.48,22.87,39.76
1,75,0,7.83,0,0,0,0,0,0,2,2,0,0,0,0,0,1,0,0,1,1,0,1,45.85,29.09,71.34,17.46,42.42,1.33,30.92,70.91,0.89,55.34,55.21,34.3,54.81,16.72,3.82,63.25,73.64,48.43,47.28,88.93
1,76,1,7.567,0,0,1,1,1,0,1,2,1,1,1,1,1,0,0,1,0,0,0,0,13.23,31.53,84.93,26.54,52.63,19.16,99.55,92.2,32.7,16.62,61.58,12.15,84.75,6.22,44.65,7.48,69.21,27.56,30.4,97.39
1,77,1,6.266,0,0,0,1,1,0,0,0,1,1,0,1,0,1,0,0,0,0,2,1,83.19,80.15,49.6,22.19,45.22,47.33,43.64,59.54,65.97,45.59,64.04,51.24,73.91,45.56,96.92,97.18,78.43,72.97,2.44,36.06
1,78,1,7.265,0,0,1,1,0,1,2,2,1,2,0,0,0,0,0,0,0,2,2,2,70.15,65.97,33.43,56,70.13,68.98,51.64,62.52,67.69,93.14,93.21,14.68,9.24,82.56,96.18,51.4,6.34,1.79,58.77,59.17
1,79,0,8.664,1,0,1,1,0,0,1,1,0,1,1,1,1,1,0,0,0,0,1,2,43.15,12.19,47.74,18.76,57.69,35.23,77.17,3.46,1.45,70.08,56.02,45,84.25,92.8,33.01,20.51,96.84,62.28,98.08,32.41
1,80,0,5.027,1,1,0,0,1,1,0,0,0,0,0,0,1,0,1,1,1,0,0,0,52.52,89.04,35.57,69.72,30.71,53.09,49.34,43.38,98,76.25,40.93,18.78,20.38,17.39,29.25,69.15,80.43,92.86,68.13,42.78
1,81,1,8.513,0,0,0,0,0,0,1,0,1,1,0,1,0,0,1,1,1,0,0,0,73.59,92.44,25.41,62.29,78.97,31.71,78.35,90.91,44.61,96.12,78.83,90.55,93.78,40.19,83.52,42.54,37.95,10.3,7.34,75.2
1,82,1,6.656,1,1,0,0,1,1,1,1,2,2,1,1,0,0,1,2,1,1,2,1,54.04,6.97,94.61,54.84,23.04,23.58,51.32,94.77,47.14,36.92,51.3,58.32,45.57,29.91,21.2,56.65,42.02,64.02,80.56,80.48
1,83,0,8.207,0,1,1,1,1,0,1,1,2,2,0,0,0,1,2,1,0,0,1,1,70.46,13.64,2.29,35.27,83.81,8.42,26.33,78.67,10.22,75.37,54.1,44.13,28.35,0.22,85.32,99.15,21.74,24.1,78.78,44.32
1,84,1,7.433,0,0,0,0,2,1,0,1,0,1,2,2,0,0,1,1,1,1,2,1,16.05,74.47,1.94,62.82,96.36,90.67,44.18,39.56,27.78,84.45,6.32,4.48,40.19,69.05,85.87,44.87,63.01,29.74,77.12,94.83
1,85,0,7.609,1,1,0,0,0,0,1,1,2,2,1,1,2,1,1,1,0,0,0,1,71.36,80.1,36.56,61.66,77.06,6.96,16.25,93.19,53.01,84.75,37.15,61.2,64.28,54.71,95.17,65.8,98.62,74.23,34.61,4.31
1,86,1,8.698,1,0,2,2,0,0,0,0,0,0,2,2,1,1,0,0,0,0,0,0,85.98,50.6,94.34,31.63,73.38,55.66,41.86,78.57,90.11,97.89,66.43,8.43,77.78,78.95,30.46,93.57,42.94,6.66,21.5,41.12
1,87,1,5.858,1,1,1,1,0,0,1,1,1,0,0,1,1,1,0,0,1,1,0,0,6.46,15.4,65.88,77.84,39.38,92.89,63.97,49.83,81.95,45.09,90.78,81.45,85.01,34.41,24.65,18.63,85.59,73.86,98.18,9.48
1,88,0,5.996,1,1,1,1,1,1,1,1,1,2,0,0,1,1,1,1,0,1,1,0,75.25,11.11,76.37,94.39,81.11,95.17,82.42,55.68,49.23,91.49,6.05,27.26,36.38,38.84,63.95,85.82,54.55,13.33,71.82,23.58
1,89,1,8.154,1,1,0,0,0,0,1,1,1,1,2,2,1,1,1,1,1,1,2,1,94.11,6.26,11.34,0.32,80.99,34.96,64.95,62.87,12.08,18.01,73.75,73.03,79.51,51.85,86.03,29.27,99.62,7.75,46.18,45.42
1,90,0,6.832,0,0,0,0,1,0,0,0,1,2,1,1,1,1,1,0,0,0,0,0,91.48,93.05,19.24,19.67,12.56,71.87,4.68,86.22,1.86,61.37,61.37,80.97,76.08,15.41,40.94,75.05,9.22,42.56,18.14,79.64
1,91,1,7.217,0,0,1,1,1,2,1,0,1,1,0,0,0,0,2,1,1,0,1,1,62.47,1.71,76.82,14.27,68.41,67.92,50.34,83.12,13.5,40.97,81.54,40.62,77.3,69.07,55.99,30.76,60.47,92.05,23.77,74.24
1,92,1,5.751,1,0,2,1,1,1,1,2,0,0,0,0,0,0,2,1,1,1,2,2,96.94,3.67,2.51,55.92,62.91,67.73,8.49,14.8,50.37,1.74,37.42,62.68,72.16,33.4,11.58,7.65,64.36,65.19,60.28,96.01
1,93,1,8.327,1,1,0,0,1,0,1,2,0,0,0,0,1,1,0,0,0,0,0,0,74.8,31.73,26.25,82.1,53.06,46.61,47.89,61.02,16.19,53.86,15.75,84.85,92.77,52.52,28.25,11.27,29.36,91.1,30.55,18.36
1,94,1,6.254,0,0,0,0,1,1,0,0,0,0,1,1,1,1,1,2,1,0,0,0,70.4,84.85,20.99,18.97,27.27,68.61,13.18,34.27,28.64,10.97,71.56,84.12,38.17,38.93,25.93,59.75,7.69,88.9,48.33,68.95
1,95,0,10.262,1,1,2,1,1,0,1,1,1,2,1,0,1,0,0,0,0,0,1,1,8.51,6.07,29.48,4.44,80.49,96.64,59.09,6.64,2.19,75.78,92.52,46.52,96.95,69.64,40.01,6.88,19.03,64.45,38.95,17.52
1,96,1,5.244,0,0,0,1,0,1,0,0,1,1,2,2,0,0,0,0,0,1,2,2,75.21,22.04,98.14,66.26,43.86,10.65,7.65,52.39,5.93,15.9,28.59,74.34,52.26,66.32,68.58,68.35,77.8,63.41,9.95,22.06
1,97,1,7.354,0,0,0,0,0,0,0,0,1,0,2,2,1,1,1,1,0,0,0,0,74.5,31.03,89.56,31.77,29.83,55.13,13.93,46.81,15.03,50.77,7.96,71.1,97.89,46.32,71.25,97.84,41.01,62.78,85.17,15.36
1,98,1,9.065,0,0,0,0,1,1,2,2,2,1,0,0,0,1,0,1,1,1,1,1,63.74,58.84,19.93,88.17,31.39,7.16,63.94,64.19,4.4,26.46,51.18,35.45,8.72,83.42,27.6,14.93,64.86,43.74,5.65,33.88
1,99,1,5.557,1,1,2,2,0,0,1,1,1,1,0,0,0,0,1,1,1,1,1,1,24.03,53.92,90.9,82.26,65.88,95,33.44,55.65,31.48,72.92,7.88,22.38,36.21,62.43,34.21,74.65,55.23,15.8,97.87,82.93
1,100,0,8.887,0,0,1,1,0,0,0,0,1,2,0,0,0,0,0,0,1,1,0,0,97.01,52.13,58.06,33.43,61.74,68.24,63.81,83.52,25.81,90.72,68.54,98.45,12.48,37.13,29.3,49.6,77.75,29.51,98.86,66.21
1,101,1,7.999,0,0,0,0,2,1,1,1,0,0,0,0,1,2,1,1,1,1,0,0,18.46,18.13,38.67,48.4,47.53,75.89,24.18,67.52,47.72,91.37,9.43,58.69,6.71,1.81,26.97,82.67,96.9,39.55,27.97,48.72
1,102,0,8.557,2,0,1,2,2,1,0,0,0,1,0,0,1,1,0,1,2,1,0,0,43.04,47.89,93.16,38.8,64.52,78.07,59.98,37.88,70.9,10.37,78.55,43.64,72.64,40.43,23.81,87.01,95.71,77.38,83.22,26.76
1,103,1,7.993,1,1,0,0,0,0,2,2,1,0,0,0,0,0,1,1,1,1,1,1,6.98,42.03,72.55,30.75,86.1,62.14,39.25,38.18,82.21,29.86,78.89,39.09,33.14,93.62,47.34,4.51,32.85,69.18,26.37,41.95
1,104,1,7.688,0,0,1,1,1,0,0,0,0,0,0,0,0,1,1,1,0,1,1,1,65.72,33.34,51.4,27.81,47.16,85.39,0.42,68.2,67.17,41.65,41.52,5.77,29.57,6.08,14.72,13.03,21.92,8.76,28.84,40.33
1,105,1,8.021,0,0,0,0,1,0,0,0,1,2,0,1,0,0,1,1,2,2,1,0,81.32,57.93,7.77,80.77,35.67,81.08,99.84,66.25,29.61,65.9,75.75,67.99,94.09,70.92,88.32,85.67,54.63,62.15,8.66,68.98
1,106,1,7.132,0,0,2,2,1,1,0,0,1,0,1,1,1,1,1,1,0,0,1,1,65.3,56.64,80.12,93.08,82.29,94.83,38.48,15.97,14.17,99.23,99.25,7.35,9.27,96.8,45.68,89.16,22.81,14.45,7.71,68.28
1,107,1,7.67,0,0,1,0,0,0,1,1,1,0,1,0,0,0,0,0,1,1,1,1,37.3,67.29,53.88,26.57,66.97,56.37,87.6,44.11,82.48,9.54,26.67,59.05,52.57,25.63,70.38,55.24,38.31,52.96,99.13,66.27
1,108,1,7.662,0,0,2,2,1,1,2,2,0,0,0,0,1,1,0,0,2,1,0,0,8.58,64.89,70.87,87.22,85.21,35.8,42.1,93,43.13,27.82,49.85,63.91,77.84,1.18,53.21,45.34,8.72,80.96,30.72,89.99
1,109,1,5.492,1,2,0,0,0,0,2,2,0,0,0,1,0,0,0,0,1,1,0,1,73.59,3.8,48.18,16.33,7,77.66,48.17,76.03,27.08,25.47,39.45,0.47,43.52,78.22,34.11,85.86,65.02,93.85,97.44,11.81
1,110,0,8.114,1,1,0,0,0,0,0,0,1,1,1,2,2,2,1,0,0,0,0,0,91.62,3.48,94.1,12.94,46.79,19.94,76.99,54.32,24.52,15.44,87.15,27.35,91.32,44.14,73.17,29.83,30.91,63.32,24.78,87.6
1,111,0,7.597,2,2,2,1,1,0,0,0,0,0,0,0,1,1,1,1,0,0,0,0,9.52,73.34,81.62,47.73,88.18,86.43,47.24,84.34,4.99,74.93,29.39,78.18,54.84,4.79,15.65,99.96,70.09,81.73,33.72,91.78
1,112,1,4.26,1,0,0,0,0,0,0,1,2,2,0,0,0,0,1,1,1,1,1,2,37.99,38.2,91.66,32.15,86.18,31.3,12.83,70.98,41.01,92.07,53.51,89.22,32.96,0.58,6.3,11.6,69.58,13.63,52.37,5.1
1,113,1,6.836,2,1,0,1,1,1,0,0,1,1,2,1,0,0,1,2,1,0,2,1,87.8,22.54,24.33,70.89,23.35,56.19,65.13,43.43,85.76,63,24.33,52.83,51.93,12.34,19.93,15.48,44.07,57.18,81.15,46.68
1,114,1,8.158,2,2,1,1,1,0,1,1,2,2,0,0,0,0,1,2,0,0,1,1,5.95,89.83,75.12,56.18,2.93,53.97,71.49,90.7,0.55,59.53,63.67,15.25,97.92,37.5,28.33,10.85,17.93,80.71,58.1,66.79
1,115,0,8.006,0,0,0,0,0,0,1,2,0,0,1,1,0,0,0,0,1,2,1,2,27.21,12.54,97.35,99.14,99.25,27.51,44.18,34.15,24.58,50.74,45.76,16.85,79.77,40.05,76.83,78.83,61.76,57.48,32.26,34.3
1,116,0,8.231,0,0,0,1,1,0,0,0,2,2,0,0,1,0,1,1,0,1,0,0,91.04,75.17,89.48,37.9,81.64,87.14,22.98,69.28,90.41,46.47,61.96,85.07,70.8,72.35,9.92,20.51,14.2,85.62,58.9,48.48
1,117,1,6.411,0,0,2,2,0,0,0,1,2,2,0,1,1,1,0,0,0,0,0,0,34.23,24.81,87.13,89.31,75.49,37.15,82.17,67.34,8.93,65.89,36.28,67.99,64.84,41.5,7.53,21.46,80.36,99.11,13.71,88.27
1,118,1,5.703,0,0,1,1,1,1,1,1,1,1,2,2,2,2,1,1,1,1,0,0,28.75,67.32,23.78,9.39,67.43,96.58,10.52,2.91,92.21,64.31,75.59,61,37.31,30.36,47.07,97.41,20.7,1.86,26.77,79.32
1,119,1,6.661,0,0,0,0,0,0,0,0,1,0,0,0,1,1,0,0,2,2,1,2,69.17,60.41,89.71,86.31,27.03,88.06,90.22,4.93,27.08,13.17,6.81,24.69,58.29,52.58,26.85,13.24,69.84,98.24,7.91,42.21
1,120,1,6.199,1,1,1,1,0,0,0,0,1,1,0,1,1,1,0,0,1,1,0,0,79.96,53.19,85.93,73.22,0.44,28.39,44.01,46.7,45.66,1.91,64.34,96.02,29.83,47.96,38.16,11.06,61.22,20.04,56.63,64.92
1,121,1,8.833,0,0,1,0,0,1,1,1,0,0,0,1,0,1,0,1,1,2,0,1,57.13,93.74,36.25,67.87,96.28,38.82,75.35,95.56,78.62,16.66,45.23,44.53,50.21,61.92,81.31,97.24,20.89,94.18,41.32,83.58
1,122,0,9.268,0,0,1,1,0,1,0,0,0,0,0,0,0,0,1,1,1,1,2,2,68.21,25.86,97.45,34.85,26.24,3.11,51.75,50.27,48.76,14.61,67.45,39.77,69.2,17.6,98.85,56.18,98.81,82.37,87.69,84.86
1,123,0,5.879,0,1,1,1,0,0,0,0,1,1,1,1,0,0,1,1,0,0,0,1,31.92,21.39,61.67,67.49,48.85,63.63,5.73,17.41,40.53,68.92,43.83,55.68,70.57,47.32,63.74,52.01,70.81,98.93,16.82,25.71
1,124,0,8.216,0,1,1,1,1,1,1,1,1,1,1,2,0,0,0,0,1,1,0,0,73.09,69.98,80.55,92.73,83.33,5.75,94.93,44.19,91.36,12.91,47.92,92.12,82.63,67.9,65.83,96.92,91.75,65.46,11.23,12.06
1,125,1,8.47,0,0,0,0,2,1,2,1,0,0,0,1,0,0,1,1,0,0,0,1,46.26,7.28,9.53,0.17,85.2,43.63,26.14,82.66,49.68,74.8,61.59,85.59,40.58,34.5,86.36,86.52,32.02,98.78,95.11,42.57
1,126,1,4.73,0,0,0,0,1,1,1,0,0,0,2,2,0,0,0,0,1,0,0,0,10.09,49.19,53.27,85.84,57.36,70.67,10.18,27.6,21.79,87.66,72.3,44.31,46.31,49.84,9.64,83.89,47.08,77.86,46.27,53.93
1,127,0,8.957,1,0,2,0,0,0,1,1,0,0,0,0,0,0,1,1,0,1,0,1,0.32,51.59,42.67,53.77,51.76,73.25,88.7,88.33,62.55,27.85,90.37,96.13,38.52,85.51,34.08,50,13.71,40.54,61.79,99.46
1,128,1,6.422,0,0,0,0,1,1,1,1,0,0,1,1,1,1,0,0,0,1,0,0,5.52,54.56,75.08,44.56,94.56,90.75,5.11,4.97,7.97,95.75,83.98,57.3,90,34.07,89.62,80.03,80.97,68.03,34.8,56.08
1,129,0,4.76,0,0,0,1,1,1,0,0,0,1,1,1,2,2,1,1,1,1,0,0,10.65,4.4,24.61,47.48,17.47,15.1,87.07,8.16,83.6,84.92,35.01,54.65,29.56,77.48,92.85,18.17,49.41,14.65,46.12,75.32
1,130,0,6.481,2,2,1,1,1,1,0,0,0,0,0,0,0,0,1,1,1,1,0,0,44.32,44.43,35.8,57.17,36.01,72.39,96.37,44.93,5.48,34.17,9.78,14.74,7.47,43.53,27.32,84.46,43.83,18.72,7.23,90.77
1,131,1,8.576,0,0,1,1,0,1,1,1,0,0,0,0,0,0,0,1,0,0,0,1,42.45,81.55,67.55,12.55,2.92,96.05,74.69,53.67,48.05,8.02,95.1,93.06,46.76,96.51,50.54,30.71,83.01,84.38,44.03,0.87
1,132,1,9.142,1,1,1,1,0,0,0,0,0,0,2,1,0,1,0,0,0,0,0,1,5.07,88.82,91.48,14.1,95.11,83.05,28.51,66.32,78.57,44.36,19.91,53.07,58.02,14.57,43.14,15.57,71.13,76.88,71.5,3.74
1,133,1,6.813,0,2,1,1,0,0,0,0,0,0,1,1,0,0,0,0,1,1,0,0,32.57,14.19,62.24,43.64,33.54,35.33,7.61,42.98,58.43,67.37,98.48,99.05,18.61,4.19,59.96,83.55,18.59,50.56,42.34,1.71
1,134,0,6.496,1,0,1,1,0,1,1,1,0,0,1,0,0,0,0,0,1,1,1,1,42.78,96.31,83.7,81.6,82.49,18.89,4.61,37.81,53.55,89.97,50.36,79.65,69.09,25.47,11.6,18.98,63.92,13.2,26.91,88.49
1,135,0,7.486,1,0,0,0,1,1,0,0,0,0,1,1,1,2,1,0,2,0,0,0,13.47,10.66,40.02,71.11,24.4,51.37,47.23,16.73,82.25,56.1,99.16,64.87,20.54,5.99,55.72,3.2,44.5,88.12,88.73,14.42
1,136,1,6.924,0,0,0,0,0,0,2,2,2,2,0,0,0,0,1,0,0,0,0,0,7.58,43.12,99.09,21.78,39.88,75.1,92.55,11.98,67.92,87.8,69.51,99.5,56.32,74.67,6.65,27.11,87.2,3.8,73.56,94.76
1,137,1,9.977,0,0,0,0,1,1,0,0,2,2,1,1,0,0,1,1,0,0,0,0,98.56,97.02,39.84,77.72,59.96,16.55,60.94,19.36,98.17,29.16,66.48,19.91,27.04,75.4,85.93,43.08,34.66,23.74,17.02,63.84
1,138,1,10.376,0,0,0,0,0,0,1,1,2,2,0,0,0,0,1,1,1,0,0,0,38.73,52.81,99.64,36.56,61.39,54.95,56.34,11.83,13.25,31,49.42,96.55,33.56,18.27,26.4,35.25,61.82,64.36,28.86,82.42
1,139,1,7.445,1,1,0,1,1,1,0,1,1,0,0,0,1,1,0,0,1,0,1,2,62.87,57.47,44.01,25.76,52.51,20.56,86.98,64.4,73.09,98.27,83.49,46.97,85,26.22,10.42,97.35,0.76,59.45,23.46,64.62
1,140,1,8.382,0,0,0,0,0,0,1,1,0,0,0,0,0,0,0,0,1,1,1,0,21.27,83.79,43.18,89.18,61.56,8.47,75.82,5.98,83.61,20.85,41.04,67.28,59.63,47.87,72.5,56.94,78.81,93.52,24.6,58.1
1,141,1,6.052,0,0,1,0,0,0,1,1,2,1,2,1,1,1,0,0,0,1,0,0,97.18,63.77,0.34,28.53,58.48,98,78.33,11.3,36.51,8.02,62.18,11.15,10.78,60.49,83.47,12.57,14.1,68.7,41.91,87.87
1,142,0,8.905,0,0,1,0,0,1,0,0,1,1,1,1,1,0,2,2,1,0,0,1,4.51,79.79,64.36,65.18,13.79,30.64,24.34,54.78,16.48,11.36,37.03,11.52,72.29,47.55,90.22,76.2,44.55,92.39,73.39,29.19
1,143,0,6.59,1,1,1,0,1,0,0,0,1,1,0,0,0,1,0,0,1,1,1,1,44.61,14.36,97.85,60.37,4.85,94.87,8.96,91.91,0.14,9.84,76.57,7.88,78.4,98.79,55,29.65,69.82,51.8,20.99,11.21
1,144,0,8.199,1,1,1,1,0,0,1,1,0,0,1,1,1,1,1,1,0,0,1,1,58.2,81.82,36.19,32.83,13.06,27.64,43.35,62.7,23.51,33.13,17.78,9.74,13.21,31.53,61.41,96.24,19.89,31.57,79.87,47.05
1,145,1,6.437,0,0,1,1,1,0,1,1,0,0,2,1,1,1,1,1,0,1,1,0,22.34,98.27,2.49,78.66,19.58,55.67,34.4,81.33,86.65,54.34,49.57,18.45,9.54,78.57,57.98,18.62,41.52,30.15,33.25,18.15
1,146,0,6.927,2,1,1,1,1,1,0,0,0,0,1,1,1,1,0,0,1,1,0,1,68.55,5.64,9.66,47.93,17.97,55.47,31.64,62.55,25.99,15.88,78.31,79.12,53.65,39.75,9.89,52.83,96.24,18.95,2.72,52.14
1,147,1,6.861,1,1,1,0,0,0,1,0,2,1,1,0,1,1,0,1,1,2,1,1,24.19,26.65,74.47,77.03,77.58,31.51,68.46,84.62,99.86,14.43,57.52,71.83,94.23,99.21,83.7,44.34,98.6,10.15,81.32,26.76
1,148,1,5.775,0,0,1,1,0,0,0,1,0,0,1,1,0,0,1,1,0,0,0,1,16.39,35.39,12.8,37.33,72.43,87.97,73.73,94.92,20.02,29.03,50.26,84.64,92.1,60.88,90.35,78.59,2.53,64.06,14.52,93.87
1,149,1,6.399,0,0,0,0,1,0,0,1,1,0,1,1,0,0,1,0,0,0,0,0,27.02,44.08,53.05,71.21,67.33,27.39,66.42,85.2,98.28,18.4,15.81,83.1,55.18,91.98,19.69,12.67,73.57,87.45,11.72,98.6
1,150,1,9.332,0,0,0,1,1,0,1,2,0,0,0,0,2,2,2,2,2,2,0,1,45.72,90.72,23.69,74.82,12.89,32.04,21.2,49.83,69.46,9.87,8.01,37.29,77.53,70.96,71.93,58.11,4.33,51.08,2.63,33.88
1,151,1,6.538,1,0,1,1,1,1,0,0,0,0,1,1,0,0,1,1,0,0,0,1,57.13,92.35,77.48,66.89,38.16,13.27,29.05,39.57,51.92,87.79,83.52,87.06,50.51,57.85,40.58,19.89,38.13,90.3,66.47,5.45
1,152,1,6.099,0,0,0,0,0,0,1,0,0,0,1,0,1,1,0,0,1,0,1,1,62.81,77.56,5.05,82.62,44.94,9.22,86.63,45.86,18.33,8.32,83.84,53.22,80.35,45.81,73.32,19.03,9.33,3.01,87.59,81.57
1,153,1,6.361,1,1,1,0,0,0,1,2,0,0,0,0,0,1,0,1,1,1,1,0,67.02,38.59,80,13.74,48.7,31.77,4.92,73.36,82.74,52.47,54.03,46.84,11.35,14.05,31.63,42.01,51.69,8.6,79.26,87.35
1,154,0,9.999,1,1,0,0,1,1,0,0,0,0,1,1,2,2,1,1,0,0,1,2,74.63,49.27,5.48,78.72,24.05,46.38,49.16,82.9,70.35,68.9,26.61,70.23,82.11,59.75,38.67,99.5,67.18,31.82,80.18,69.03
1,155,1,5.06,1,1,0,0,1,1,0,0,0,0,1,1,1,0,1,1,0,0,1,0,76.13,72.4,92.58,27.95,10.09,14.61,57.39,4.71,4.2,34.16,41.27,6.5,12.81,89.11,64.9,93.17,4.64,54.27,87.5,90.7
1,156,1,7.277,0,0,2,2,0,0,1,1,2,2,0,0,0,0,1,1,0,0,1,1,87.04,71.93,71.32,76.11,37.24,96.32,28.61,1.21,76.91,77.97,52.42,6.54,11.61,1.36,87.16,40.72,35.76,77.22,36.54,47.51
1,157,1,5.52,0,0,1,1,2,1,2,2,1,1,0,0,2,2,1,2,1,1,1,1,1.38,94.72,78.73,36.55,68.48,98.46,52.1,80.13,46.56,36.2,7.21,84,1.84,82.43,80.24,19.84,17.14,55.45,34.77,89.36
1,158,1,7.482,1,1,1,1,2,1,1,1,0,0,0,0,0,0,0,0,1,2,1,1,8.9,35.72,92.26,80.38,96.42,1.08,8.43,57.3,82.3,1.83,91.31,58.45,89.36,68.76,50.61,11.68,27.21,34.12,94.67,76.08
1,159,1,7.914,1,1,0,0,1,1,0,0,1,1,1,1,0,0,0,0,0,0,2,2,68.93,64.26,48.28,38.65,26.54,30.09,89.55,1.62,83.38,49.65,28.46,88.45,60.15,92.78,1.89,67.11,25.46,19.73,99.17,27.4
1,160,1,6.88,1,1,1,1,0,0,0,1,1,1,1,1,1,0,1,1,1,1,0,0,19.89,3.69,83.6,51.68,71.97,83.18,8.41,10.48,20.6,63.81,1.61,87.17,37.02,63.38,83.76,28.38,84.5,11.35,72.88,5.61
1,161,0,10.144,2,2,2,1,1,1,0,1,1,1,0,0,0,0,1,1,1,1,1,1,48.54,1.37,79.47,19.02,56.19,30.05,91.79,22.38,49.06,37.94,68.04,0.03,7.17,52.69,14.83,46.51,96.87,29.47,50.66,85.67
1,162,1,7.262,0,0,1,0,1,1,1,2,1,1,0,1,1,0,2,1,1,1,0,0,90.57,91.35,7.13,16.26,33.59,47.23,59.97,74.92,74.38,97.48,50.92,53.69,48.29,31.13,53.82,46.42,18.85,64.71,40.54,53.95
1,163,0,5.822,1,1,0,0,0,0,0,0,1,1,1,0,0,0,0,0,1,1,0,0,45.43,11.53,90.57,88.63,95.55,82.32,40.22,60.03,82.6,55.58,97.64,42.17,94.3,83.35,72.59,85.5,49.07,42.26,24.28,73.24
1,164,1,6.617,1,1,0,0,0,0,1,2,2,2,1,1,1,1,1,0,0,0,1,2,70.88,72.81,59.5,92.28,32.71,34,66.83,14.78,52.8,36.71,61.35,38.27,26.97,1.6,96.72,45.89,86.9,11.35,8.25,6.95
1,165,0,9.323,0,0,1,0,0,0,0,0,0,0,2,1,0,0,1,1,0,0,0,0,51.75,82.19,80.06,4.38,55.7,82.3,70.61,62.62,40.14,48.38,50.23,97.99,66.13,8.57,95.6,4.43,51.05,13.74,18.63,31.59
1,166,1,5.725,0,0,1,1,0,0,1,1,0,0,0,1,1,1,0,0,1,1,0,0,42.85,35.06,23.18,69.14,58.01,47.91,5.37,99.86,78.93,77.47,66.94,83.93,24.34,30.1,82.11,12.76,5.35,39.36,83.13,75.84
1,167,1,7.777,0,1,1,1,0,1,0,0,1,2,1,1,1,1,0,1,2,1,0,0,1.08,99.14,59.87,20.58,0.08,47.08,71.33,42.82,19.6,24.29,53.11,62,66.21,26.72,50.79,8.2,26.61,2.41,91.8,56.04
1,168,0,8.017,1,1,0,1,1,1,0,0,1,1,0,0,0,0,2,2,1,1,0,0,61.72,21.38,36.61,55,75.2,98.3,71.94,42.67,85.14,5.37,17.22,16.88,60.61,39.63,95.04,77.01,23.67,48.83,50.01,94.77
1,169,1,7.1,1,1,0,0,0,0,1,1,0,0,0,0,0,0,1,0,2,2,0,0,48.84,61.57,62.03,97.95,34.7,34.08,59.84,60.38,70.94,71.03,25.08,40.31,75.71,61.88,59.77,25.56,64.82,73.17,37.44,2.98
1,170,1,7.264,1,1,0,0,1,0,0,0,0,0,2,2,0,0,1,1,0,0,1,1,24.12,95.59,2.61,56.38,96.9,39.18,68.39,14.02,30.34,40.86,18.56,13.47,35.95,36.27,4.09,19.05,37.98,80.47,46.52,17.27
1,171,0,9.046,0,0,0,0,2,1,1,1,2,1,1,1,0,0,1,1,1,0,1,1,87.74,71.26,92.37,33.64,40.38,90.63,3.21,96.63,4.66,22.94,98.39,49.37,74.23,36.54,48.45,99.39,79.38,47.33,51.16,26.39
1,172,1,6.67,1,1,0,1,0,0,2,2,0,0,1,1,1,0,0,0,1,0,0,2,50.63,8.45,40.18,52.21,63.17,74.25,33.06,56.6,31.28,97.77,5.7,94.8,74.93,10.7,38.79,55.17,64.06,62.38,20,63.86
1,173,1,9.611,1,1,1,0,0,0,1,1,0,0,1,1,1,1,0,0,2,2,1,1,23.79,36.6,1.2,34.59,14.05,3.93,77.26,92.58,70.33,26.54,54.48,98.18,84.48,72.17,70.57,23.07,63.2,89.73,47.5,25.53
1,174,1,6.674,0,0,1,0,0,0,0,0,0,0,1,1,1,0,1,1,0,1,0,1,3.37,45.85,48.3,45.07,89.4,74.3,22.55,48.41,77.85,97.37,26.21,87.46,79.34,98.41,75.17,20.06,45.1,66.67,33.21,17.59
1,175,1,5.493,1,1,1,1,0,1,0,0,1,1,0,0,0,0,0,0,0,1,1,2,58.88,29.97,10.57,61.74,9.51,93.04,66.13,45.81,27.45,42.79,67.42,0.39,18.59,4.51,1.72,78.09,48.5,73.88,62.74,22.28
1,176,0,8.915,0,0,0,0,0,1,0,0,0,0,1,1,2,2,1,1,0,0,1,2,3.02,5.04,44.63,62.63,16.42,14.52,67.15,4.25,85.05,12.74,40.8,91.3,70.07,92.82,78.99,29.73,0.56,14.87,13.86,68.58
1,177,0,9.687,1,1,1,1,0,0,1,2,0,0,1,1,1,0,1,0,1,1,1,1,86.81,10.65,39.4,19.18,47.84,77.9,48.41,10.07,45.03,12.44,42.63,59.35,65.95,39.5,16.67,40.91,15.52,89,35.35,3.79
1,178,0,8.523,1,1,0,0,0,1,2,2,1,1,0,0,0,0,1,1,1,0,0,0,45.2,0.36,25.4,20.28,69.88,32.98,65.67,18.41,90.42,80.69,69.55,67.12,41.53,77.55,22.13,97.33,1.52,56.8,73.04,19.68
1,179,1,6.792,1,0,0,0,2,1,2,2,0,0,1,0,2,2,1,0,1,1,1,1,91.28,77.01,34.62,98.79,22.07,37.92,52.34,24.57,82.52,93.64,86.16,61.11,79.82,40.8,47.42,35.01,4.63,21.68,23.79,45.27
1,180,0,6.398,0,0,2,2,0,1,1,1,1,1,1,1,2,2,1,2,0,0,0,0,96.51,55.03,27.11,93.91,31.11,15.5,5.18,38.95,0.03,79.9,42.65,84.22,4.98,52.4,30.59,49.06,42.48,36.88,95.15,12.74
1,181,0,8.314,2,2,1,1,1,2,0,1,2,2,2,1,0,0,1,1,1,1,1,1,80.94,8.25,13.12,26.24,81.33,76.78,93.36,18.73,50.01,28.71,1,67.55,9.53,99.42,59.48,40.52,15.56,30.73,25.02,76.82
1,182,0,7.453,0,0,0,1,2,2,1,0,2,1,1,1,1,1,0,0,1,0,1,1,34.37,15.55,52.36,43.08,31.99,80.96,97.44,17.29,68.23,96.74,46.28,99.18,0.53,47.14,23.94,3.44,44.49,25.13,47.53,61.34
1,183,1,5.061,1,1,1,1,1,1,0,0,1,1,1,1,0,0,1,1,0,1,1,0,44.3,37.54,68.61,31.21,60.24,37.78,46.57,62.57,96.43,78.78,37.04,50.58,50.85,45.9,90.86,6.74,7.96,64.39,33.11,48.59
1,184,1,6.937,0,0,0,0,1,1,1,2,1,1,0,1,1,1,0,1,1,1,0,0,1.88,98.93,32.85,56.13,29.24,48.87,21.61,95.96,8.21,50.26,3.01,95.2,99.67,11.91,10.34,16.21,97.44,4.05,96.24,59.63
1,185,1,6.171,1,1,0,0,0,0,1,1,0,0,0,0,2,2,1,2,1,1,0,0,3.24,8.82,77.95,95.98,84.96,62.68,65.58,65.16,93.27,10.54,25.68,92.04,64.56,71.14,63.43,45.36,91.6,44.73,68.74,49.81
1,186,1,7.289,1,2,2,1,1,1,1,1,0,0,0,0,1,1,0,0,2,2,0,0,91.86,44.27,8.24,89.69,3,83.49,2.22,12.5,7.66,22.49,18.75,43.56,73.46,14.84,65.05,57.54,25.72,56.95,76.45,78.24
1,187,1,5.702,1,0,0,0,1,1,0,0,0,1,1,1,0,0,1,1,0,0,0,0,63.12,26.66,1.89,81.42,74.51,28.75,21.81,86.37,66.32,70.76,32.26,11.32,65.21,81.53,92.96,58.68,74.49,67.14,40.64,88.17
1,188,1,8.812,1,1,1,1,0,0,1,1,0,0,1,1,1,1,0,0,0,0,1,0,38.67,29,41.41,4.51,43.77,55.89,63.13,89.04,81.57,48.41,71.69,65.39,30.34,82.09,72.66,2.19,89.85,29.56,10.27,53.81
1,189,1,6.981,0,0,0,0,1,0,1,1,1,1,1,1,0,0,1,0,1,1,1,0,49.66,48.49,94.92,84.69,76.55,72.04,43.23,41.97,96.5,89.89,17.33,52.97,82.45,66.95,7.52,23.72,1.54,42.4,46.38,28.54
1,190,1,7.109,2,2,1,1,0,0,2,2,1,1,0,1,1,1,0,0,1,1,0,1,56.28,52.25,29.46,12.45,60.15,39.17,90.23,97.57,79.32,48.87,4.83,67.5,5.44,96.36,47.51,62.93,1.03,27.7,94.99,76.93
1,191,1,7.083,1,1,0,0,0,1,0,0,0,1,0,0,0,0,1,1,0,0,0,0,31.98,34.87,79.26,88.86,93.4,33.22,60.19,88.55,38.56,66.49,16.03,70.3,77.53,28.98,28.19,98.43,63.14,48.67,45.6,61.88
1,192,1,6.02,1,1,0,0,0,0,1,1,0,0,1,1,1,0,1,1,0,0,1,1,28.25,73.05,87.64,97.92,24.66,41.16,39.95,43.23,43.56,21.58,53.35,31.59,39.28,51.52,46.41,85.12,73.02,45.78,1.34,98.78
1,193,1,8.688,0,0,1,1,0,0,1,0,0,0,2,2,1,1,1,1,1,1,0,0,2.66,99.22,40.02,98.87,10.56,99.99,39.27,85.79,82.18,90.85,81.64,84.2,15.37,54.58,1.66,0.83,86.78,60.18,42.59,4.54
1,194,1,4.61,0,1,1,1,2,1,0,0,0,0,1,1,0,1,1,1,1,1,0,1,71.21,28.11,93.23,1.32,80.36,33.86,60.36,10.75,77.09,77.47,32.19,69.96,40.45,11.35,29.32,86.52,58.49,80.14,1.59,84.91
1,195,1,8.22,1,0,1,0,0,0,0,1,0,0,1,1,0,0,1,1,1,1,0,0,8.42,87.54,32.91,10.43,35.52,99.14,36.1,28.24,11.43,9.56,31.25,48.59,97.3,40.82,31.71,64.93,8.71,74.23,82.79,16.08
1,196,0,5.514,1,1,1,1,1,1,1,1,0,0,2,2,0,0,0,0,2,2,1,0,30.81,82.51,45.25,73.19,71.29,8.8,62.99,27.25,69.98,75.15,11.64,30.97,77.8,4.94,36.7,89.97,58.4,57.88,49.89,36.24
1,197,0,7.418,2,2,1,1,1,1,1,1,1,2,0,0,1,1,0,0,2,0,2,2,85.45,2.19,63.95,19.12,7,2.15,94.25,28.77,55.57,96.18,61.95,65.21,10.59,25.09,87.28,39.7,35.89,84.93,76.87,20.34
1,198,0,8.979,0,0,2,2,0,0,0,0,0,0,0,0,0,0,1,1,1,0,0,0,47.73,1.12,28.69,26.48,50.34,81.19,98.52,81.61,77.04,25.92,23.82,61.05,74.65,18.69,72.73,68.33,63.09,40.86,64.04,60.64
1,199,0,6.821,0,0,1,1,1,2,1,1,0,0,1,1,1,1,1,0,0,0,1,1,48.94,22.04,13.24,18.81,36.87,30.61,28.11,1.14,58.84,19.63,97.32,32.15,74.98,13.02,96.84,76.25,71.87,75.96,55.78,90.01
1,200,1,8.451,2,1,1,1,0,0,0,1,0,0,1,1,0,0,0,1,1,1,0,0,13.67,20.31,94.81,88.7,54.04,35.55,99.16,38.47,17.5,9.14,50.23,21.06,56.84,39.59,55.38,23.9,63.68,6.72,83.98,48.6
1,201,1,6.979,0,0,2,2,1,1,1,1,2,0,0,0,1,1,1,1,1,1,0,0,56.5,59.91,57.88,16.51,45.81,67.74,47.48,28.85,72.58,97.44,21.16,71.45,22.06,2.31,61.78,60.11,11.65,47.54,21.61,24.71
1,202,1,8.483,0,1,1,1,1,1,0,0,0,0,1,1,1,1,1,1,0,0,1,1,26.98,62.96,43.38,48.86,69.74,94.24,19.37,70.73,95.88,84.23,25.53,65.55,32.97,99.09,46.11,1.03,63.85,38.53,68.67,82.2
1,203,1,7.537,1,1,2,2,0,0,1,1,0,0,1,0,1,1,1,0,1,1,1,0,17.64,8.82,88.25,31.74,82.77,65.71,50.13,41.49,98.24,65.32,62.94,96.68,15.37,95.67,14.29,74.7,30.37,6.9,49.77,49.8
1,204,0,7.984,0,0,0,1,0,0,2,1,0,0,0,0,1,1,0,1,2,2,0,1,26.36,36.71,53.38,51.62,31.48,72.99,96.19,10.46,89.07,53.91,89.97,91.63,27.34,85.04,91.64,73.62,83.53,94.66,41.26,2.54
1,205,1,6.1,0,1,0,0,0,1,1,1,0,0,0,1,1,1,1,1,0,0,0,0,58.64,71.09,28.47,16.65,81.05,90.5,56.58,40.41,41.57,49.11,0.1,43.5,92.72,20.51,7.35,59.86,30.62,68.76,58.72,14.64
1,206,1,8.014,1,1,1,1,0,0,1,2,0,2,1,1,0,0,1,1,2,2,2,1,89.8,32.1,32.44,96.09,41.03,59.88,13.09,59.84,75.23,60.76,61.83,2.79,63.42,20.87,62.05,67.1,42.14,35.68,0.42,62.9
1,207,1,7.341,1,1,1,1,0,0,1,1,1,1,0,0,1,1,1,1,2,2,1,1,67.02,62.9,77.05,23.62,9.14,91.89,86.64,49.45,19.33,34.84,99.94,82.11,62.14,72.81,22.91,95.92,16.66,90.44,60.03,8.72
1,208,1,8.189,0,0,1,1,0,0,1,1,0,0,0,1,2,2,2,1,0,0,0,0,8.61,60.66,60.52,43.16,10.61,63.05,22.99,98.48,85.97,14.18,96.58,34.64,86.8,11.23,77.04,35.98,4.61,44.09,35.36,83.3
1,209,1,8.714,0,0,0,0,1,0,1,1,2,1,0,0,0,0,1,1,1,2,1,1,35.91,5.87,35.52,90.27,92.35,39.17,19.1,5.07,40.5,29.42,88.18,51.51,94.8,47.55,23.39,9.49,49.82,33.8,36.87,59.83
1,210,1,5.519,0,0,1,1,2,2,0,1,0,0,0,0,0,0,0,0,0,0,0,0,97.89,50.13,16.56,97.22,72.01,16.51,75.5,49.34,65.28,45.33,31.92,81.91,65.59,80.92,80.46,20.06,72.59,7.24,42.32,15.5
1,211,1,6.854,1,1,0,0,1,0,1,1,1,1,1,1,1,1,2,2,0,1,0,0,65.08,68.62,98.21,89.94,50.19,46.36,48.53,66.16,44.2,79.28,71.38,52.57,34.69,91.2,93.27,91.82,88.97,42.16,47.56,15.31
1,212,1,7.194,1,1,1,1,1,1,1,1,1,1,1,0,0,0,1,1,0,1,1,1,53.9,45.08,77.84,66.45,33.33,67.3,52.01,66.41,0.94,91.63,12.29,60.68,12.52,94.84,95.88,33.47,61.25,43.4,58.51,75.08
1,213,1,6.07,1,1,0,0,0,0,1,2,2,2,0,0,0,1,1,1,0,0,0,0,58.11,12.44,85.1,78.62,62.36,99.91,16.9,19.55,36.2,33.93,89.55,50.3,27.69,53.83,66.68,37.92,73.48,71.55,75.14,7.88
1,214,1,4.301,0,0,0,2,2,1,2,1,0,0,0,0,0,0,0,0,0,0,1,1,47.86,95.09,70.91,92.03,56.38,88.76,81.93,47.07,54.03,63.56,23.85,21.16,94.42,8.1,92.55,57.15,95.56,86.58,32.89,11.13
1,215,1,8.522,0,0,0,1,1,1,2,1,0,0,2,0,0,0,0,0,2,2,1,1,48.91,87.25,53.03,94.26,13,11.65,75.71,81.04,5.72,20.36,63.59,71.27,38.31,92.3,42.1,43.42,27.28,57.97,2.95,51.46
1,216,1,7.075,0,0,1,2,0,0,1,1,1,2,1,1,0,0,1,1,1,0,1,1,83.44,85.24,15.61,75.5,66.5,7.94,2.62,76.09,92,85.44,91.87,44.4,52.29,44.14,64.93,27.26,41.81,79.57,16.75,37.71
1,217,0,8.122,1,1,0,1,1,0,1,1,0,0,0,1,0,0,0,0,0,0,1,0,99.25,5.36,15.68,68.1,5.77,20.55,43.4,74.6,70.95,83.02,1.68,67.04,73.69,84.65,84.9,88.24,82.37,0.11,41.23,73.53
1,218,1,7.291,1,1,1,1,0,1,0,0,0,0,1,1,2,2,0,0,0,0,1,1,36,16.98,83.79,21.92,69.91,48.21,19.4,14.75,13.52,21.09,34.38,40.43,6.26,36.93,93.62,67.17,20.76,67.03,89.85,82.65
1,219,1,8.299,2,1,1,1,0,0,0,0,2,2,1,1,1,0,1,2,0,0,0,0,49.03,27.37,96.17,48.64,12.4,75.97,32.27,16.05,97.4,88.49,58.76,24.25,14.1,52.52,71.68,30.81,4.38,5.21,98.38,54.14
1,220,1,6.668,1,1,0,1,0,1,2,2,1,1,1,1,0,0,0,0,2,2,1,1,54.96,34.55,67.11,8.33,85.48,19.43,45.37,15.52,9.55,5.56,44.4,22.61,33.99,52.94,40.08,94.46,6.44,80.61,37.93,55.53
1,221,1,6.016,1,1,0,0,1,0,1,0,0,0,0,1,0,0,2,1,0,0,1,1,11.32,56.82,70.25,9.05,67.47,58.89,25.53,58.02,28.54,24.05,18.14,46.69,11.08,78.3,71.9,39.93,31.07,41.12,75.7,10.2
1,222,0,7.382,1,1,1,0,1,1,0,0,0,0,1,0,1,1,1,1,0,0,1,1,61.29,6.63,42,64.64,79.58,57.33,0.5,63.54,45.99,53.69,58.1,74.79,36.66,0.43,99.64,66.34,3.84,76.86,91.61,24.35
1,223,0,7.655,0,0,1,1,0,0,0,0,1,2,0,0,0,0,1,1,0,0,0,0,41.18,30.33,85.27,85.28,70.45,22.48,3.13,32.15,16.72,9.1,56.75,18.41,0.69,43.33,33.54,53.37,26.9,3.84,41.65,74.37
1,224,1,6.401,1,1,0,0,1,1,1,0,0,0,0,0,1,1,2,2,1,2,1,1,54.56,88.82,22.25,23.99,2.84,32.57,4.62,8.71,81.69,74.88,80.91,61.87,54.38,38.35,60.81,76.7,55.35,73.26,2.96,16.85
1,225,1,7.809,0,0,0,0,1,1,2,2,0,0,0,0,2,2,1,1,0,0,1,1,1.17,13.54,24.36,45.88,41.51,8.8,42.27,74.28,78.84,99.12,23.63,86.27,98,63.44,12.18,49.41,76.57,66.6,71.68,9.96
1,226,1,5.475,0,0,0,0,1,2,0,0,1,1,0,0,0,0,0,0,0,0,1,1,71.14,41.63,8.38,30.55,99.56,86.14,38.89,46.44,52.35,69.78,24.51,33.14,77.71,73.78,89.11,7.3,52.21,11,24.44,12.02
1,227,1,6.93,1,1,1,0,0,0,1,1,0,0,0,0,1,0,1,1,0,0,1,1,43.49,31.47,71.6,30.25,41.82,76.06,7.67,47.94,37.87,45.73,63.69,62.04,68.14,3.17,59.26,88.91,22.24,13.93,39.13,29.38
1,228,1,5.575,1,1,1,0,1,1,0,0,0,0,1,0,0,0,1,0,0,1,0,0,74.22,13.3,89.77,21.92,64.81,48.69,41.56,17.95,62.85,0.39,46.28,91.32,50.27,73,89.81,58.75,22.07,10.27,12.02,5.02
1,229,1,8.753,1,1,0,0,0,2,1,1,1,1,1,1,1,1,0,0,1,1,0,0,55.54,4.5,56.69,88.57,98.07,25.42,25.18,73.95,60.83,35.97,99.56,87.94,43.89,52.54,5.04,90.47,37.69,20.91,24.31,25.14
1,230,0,5.966,1,1,0,1,0,0,1,0,1,1,1,1,1,0,0,0,1,1,1,1,53.15,15.5,78.59,27.44,26.86,17.77,6.62,41.64,0.54,56.45,1.02,37.18,51.91,24.25,55.79,14.49,3.94,11.15,62.89,98.35
1,231,1,6.645,2,1,1,1,0,0,0,0,0,0,0,1,0,0,0,0,0,0,0,1,16.71,22.92,59.08,66.59,97.06,51.51,54.1,46.66,12.19,49.62,2.94,78.03,65.27,82.9,65.7,59.14,53.81,41.94,45.42,97.27
1,232,0,7.595,1,2,0,0,0,1,1,1,1,1,0,0,1,1,2,2,0,0,1,0,87.25,10.83,62.63,51.03,85.9,37.65,61.43,67.21,19.48,6.45,39.69,99.66,28.63,20.37,52.52,98.39,27.36,62.46,12.7,54.17
1,233,0,4.761,0,0,0,0,2,2,0,1,0,1,0,0,1,1,1,0,0,1,2,1,93.48,71.32,74.71,41.08,25.17,60.62,76.38,24.18,79.25,62.53,6.98,30.82,75.99,47.46,58.36,13.06,30.19,3.53,82.29,59.94
1,234,0,7.611,0,0,1,1,0,0,1,0,1,1,0,0,1,1,1,0,2,2,1,1,6.81,28.61,51.79,89.61,24.6,84.18,54.31,87.88,90.18,98.74,99.53,84.07,32.99,8.74,63.81,93.76,4.06,11.95,35.73,10.61
1,235,0,8.059,0,0,0,1,1,1,0,0,0,0,1,0,1,1,1,2,0,0,2,2,99.19,92.09,48.99,30.92,6.87,36.8,59.84,61.96,17.81,19.09,98.65,11.86,40.31,21.44,20.99,7.83,57.79,33.07,45.08,59.11
1,236,0,5.282,0,0,0,1,1,1,1,1,1,1,0,0,0,1,2,1,2,2,0,0,35.08,37.03,0.26,59.69,36.08,5.73,16.7,88.83,9.44,31.58,10.81,37.59,5.5,30.75,48.86,95.29,73.83,29.29,68.65,96.06
1,237,0,6.908,0,0,1,1,0,0,0,0,2,1,0,0,1,2,1,0,1,1,0,0,35.81,27.09,89.12,58.36,30.27,59.45,0.68,36.96,10.95,73.01,84.24,99.93,42.24,24.16,58.12,86.07,81.66,92.33,7.17,27.37
1,238,0,5.661,1,2,2,2,2,1,0,0,1,1,0,0,1,1,1,0,1,1,1,1,61.96,51.43,8.09,57.34,81.04,40.84,23.97,47.39,36.32,37.31,65.1,59.26,64.56,48.97,91.68,86.73,26.22,0.7,5.3,35.02
1,239,1,8.492,0,1,1,0,2,1,0,0,0,0,0,0,1,1,2,2,0,0,0,0,32.12,1.87,19.23,70.86,77.08,43.96,64.07,10.54,91.06,76.66,76.32,1.02,97.3,70.81,35.44,41.11,35.35,61.71,0.36,39.1
1,240,1,5.722,0,0,0,0,2,1,1,0,1,1,2,2,0,0,0,0,1,0,0,0,29.2,86.04,12.72,27.86,60.4,83,53.72,67.09,24.61,92.31,73.38,59.75,59.18,52.44,57.48,85.76,6.58,18.66,70.82,23.66
